Time (ms),Angle 1,,
0,2.253581,3.141592654,0.888011654
8,2.245734,3.141592654,0.895858654
17,2.23751,3.141592654,0.904082654
25,2.230124,3.141592654,0.911468654
33,2.22526,3.141592654,0.916332654
42,2.223203,3.141592654,0.918389654
50,2.222763,3.141592654,0.918829654
58,2.222604,3.141592654,0.918988654
67,2.222295,3.141592654,0.919297654
75,2.222231,3.141592654,0.919361654
83,2.222892,3.141592654,0.918700654
92,2.224379,3.141592654,0.917213654
100,2.226473,3.141592654,0.915119654
108,2.228784,3.141592654,0.912808654
117,2.230873,3.141592654,0.910719654
125,2.232471,3.141592654,0.909121654
133,2.233671,3.141592654,0.907921654
142,2.234927,3.141592654,0.906665654
150,2.236777,3.141592654,0.904815654
158,2.239533,3.141592654,0.902059654
167,2.243232,3.141592654,0.898360654
175,2.24777,3.141592654,0.893822654
184,2.253046,3.141592654,0.888546654
192,2.259001,3.141592654,0.882591654
200,2.265585,3.141592654,0.876007654
209,2.272721,3.141592654,0.868871654
217,2.280321,3.141592654,0.861271654
225,2.288348,3.141592654,0.853244654
234,2.296788,3.141592654,0.844804654
242,2.305573,3.141592654,0.836019654
250,2.314613,3.141592654,0.826979654
259,2.323899,3.141592654,0.817693654
267,2.333503,3.141592654,0.808089654
275,2.343527,3.141592654,0.798065654
284,2.354027,3.141592654,0.787565654
292,2.364979,3.141592654,0.776613654
300,2.376321,3.141592654,0.765271654
309,2.388027,3.141592654,0.753565654
317,2.400118,3.141592654,0.741474654
325,2.412615,3.141592654,0.728977654
334,2.425493,3.141592654,0.716099654
342,2.438699,3.141592654,0.702893654
350,2.452202,3.141592654,0.689390654
359,2.46602,3.141592654,0.675572654
367,2.480198,3.141592654,0.661394654
375,2.494713,3.141592654,0.646879654
384,2.509372,3.141592654,0.632220654
392,2.523901,3.141592654,0.617691654
400,2.538139,3.141592654,0.603453654
409,2.552112,3.141592654,0.589480654
417,2.565953,3.141592654,0.575639654
425,2.579791,3.141592654,0.561801654
434,2.593659,3.141592654,0.547933654
442,2.607534,3.141592654,0.534058654
450,2.621456,3.141592654,0.520136654
459,2.635512,3.141592654,0.506080654
467,2.649734,3.141592654,0.491858654
475,2.664079,3.141592654,0.477513654
484,2.678439,3.141592654,0.463153654
492,2.692635,3.141592654,0.448957654
500,2.706463,3.141592654,0.435129654
509,2.719796,3.141592654,0.421796654
517,2.732623,3.141592654,0.408969654
526,2.744967,3.141592654,0.396625654
534,2.756763,3.141592654,0.384829654
542,2.767847,3.141592654,0.373745654
551,2.778089,3.141592654,0.363503654
559,2.7875,3.141592654,0.354092654
567,2.796218,3.141592654,0.345374654
576,2.804451,3.141592654,0.337141654
584,2.812376,3.141592654,0.329216654
592,2.820029,3.141592654,0.321563654
601,2.827301,3.141592654,0.314291654
609,2.833999,3.141592654,0.307593654
617,2.839893,3.141592654,0.301699654
626,2.844753,3.141592654,0.296839654
634,2.848446,3.141592654,0.293146654
642,2.851028,3.141592654,0.290564654
651,2.852756,3.141592654,0.288836654
659,2.853982,3.141592654,0.287610654
667,2.854968,3.141592654,0.286624654
676,2.855841,3.141592654,0.285751654
684,2.856709,3.141592654,0.284883654
692,2.857685,3.141592654,0.283907654
701,2.858794,3.141592654,0.282798654
709,2.860028,3.141592654,0.281564654
717,2.861471,3.141592654,0.280121654
726,2.863278,3.141592654,0.278314654
734,2.865556,3.141592654,0.276036654
742,2.868291,3.141592654,0.273301654
751,2.871376,3.141592654,0.270216654
759,2.874654,3.141592654,0.266938654
767,2.87792,3.141592654,0.263672654
776,2.880935,3.141592654,0.260657654
784,2.883504,3.141592654,0.258088654
792,2.885547,3.141592654,0.256045654
801,2.887077,3.141592654,0.254515654
809,2.888127,3.141592654,0.253465654
817,2.88872,3.141592654,0.252872654
826,2.888893,3.141592654,0.252699654
834,2.888667,3.141592654,0.252925654
843,2.887998,3.141592654,0.253594654
851,2.886765,3.141592654,0.254827654
859,2.884751,3.141592654,0.256841654
868,2.881675,3.141592654,0.259917654
876,2.87728,3.141592654,0.264312654
884,2.87142,3.141592654,0.270172654
893,2.864009,3.141592654,0.277583654
901,2.854958,3.141592654,0.286634654
909,2.844168,3.141592654,0.297424654
918,2.831534,3.141592654,0.310058654
926,2.816936,3.141592654,0.324656654
934,2.800336,3.141592654,0.341256654
943,2.781841,3.141592654,0.359751654
951,2.761718,3.141592654,0.379874654
959,2.740318,3.141592654,0.401274654
968,2.717823,3.141592654,0.423769654
976,2.693998,3.141592654,0.447594654
984,2.668251,3.141592654,0.473341654
993,2.64001,3.141592654,0.501582654
1001,2.60905,3.141592654,0.532542654
1009,2.57552,3.141592654,0.566072654
1018,2.539757,3.141592654,0.601835654
1026,2.502062,3.141592654,0.639530654
1034,2.462584,3.141592654,0.679008654
1043,2.421495,3.141592654,0.720097654
1051,2.379232,3.141592654,0.762360654
1059,2.336549,3.141592654,0.805043654
1068,2.294321,3.141592654,0.847271654
1076,2.253299,3.141592654,0.888293654
1084,2.213944,3.141592654,0.927648654
1093,2.176404,3.141592654,0.965188654
1101,2.140643,3.141592654,1.000949654
1109,2.106704,3.141592654,1.034888654
1118,2.074816,3.141592654,1.066776654
1126,2.045117,3.141592654,1.096475654
1134,2.017303,3.141592654,1.124289654
1143,1.990759,3.141592654,1.150833654
1151,1.964985,3.141592654,1.176607654
1159,1.939905,3.141592654,1.201687654
1168,1.915912,3.141592654,1.225680654
1176,1.893554,3.141592654,1.248038654
1185,1.87311,3.141592654,1.268482654
1193,1.854584,3.141592654,1.287008654
1201,1.837895,3.141592654,1.303697654
1210,1.822918,3.141592654,1.318674654
1218,1.809583,3.141592654,1.332009654
1226,1.798014,3.141592654,1.343578654
1235,1.788354,3.141592654,1.353238654
1243,1.780525,3.141592654,1.361067654
1251,1.774417,3.141592654,1.367175654
1260,1.770162,3.141592654,1.371430654
1268,1.767981,3.141592654,1.373611654
1276,1.767847,3.141592654,1.373745654
1285,1.769477,3.141592654,1.372115654
1293,1.772557,3.141592654,1.369035654
1301,1.776931,3.141592654,1.364661654
1310,1.782759,3.141592654,1.358833654
1318,1.790484,3.141592654,1.351108654
1326,1.800411,3.141592654,1.341181654
1335,1.812354,3.141592654,1.329238654
1343,1.825945,3.141592654,1.315647654
1351,1.841158,3.141592654,1.300434654
1360,1.858244,3.141592654,1.283348654
1368,1.877316,3.141592654,1.264276654
1376,1.898238,3.141592654,1.243354654
1385,1.920696,3.141592654,1.220896654
1393,1.944337,3.141592654,1.197255654
1401,1.968941,3.141592654,1.172651654
1410,1.994319,3.141592654,1.147273654
1418,2.020217,3.141592654,1.121375654
1426,2.046459,3.141592654,1.095133654
1435,2.073102,3.141592654,1.068490654
1443,2.100332,3.141592654,1.041260654
1451,2.128168,3.141592654,1.013424654
1460,2.156325,3.141592654,0.985267654
1468,2.184118,3.141592654,0.957474654
1476,2.210336,3.141592654,0.931256654
1485,2.233588,3.141592654,0.908004654
1493,2.253217,3.141592654,0.888375654
1502,2.270186,3.141592654,0.871406654
